date,AETEC_xgboost_forecast,AMV_xgboost_forecast,ARTES_xgboost_forecast,BHL_xgboost_forecast,BH_xgboost_forecast,BNA_xgboost_forecast,BS_xgboost_forecast,BTEI_xgboost_forecast,CC_xgboost_forecast,CELL_xgboost_forecast,CIL_xgboost_forecast,CITY_xgboost_forecast,DH_xgboost_forecast,ECYCL_xgboost_forecast,GIF_xgboost_forecast,HANL_xgboost_forecast,ICF_xgboost_forecast,LNDOR_xgboost_forecast,LSTR_xgboost_forecast,MIP_xgboost_forecast,MNP_xgboost_forecast,MPBS_xgboost_forecast,NAKL_xgboost_forecast,NBL_xgboost_forecast,OTH_xgboost_forecast,PLAST_xgboost_forecast,SAH_xgboost_forecast,SAMAA_xgboost_forecast,SERVI_xgboost_forecast,SIPHA_xgboost_forecast,SITS_xgboost_forecast,SMD_xgboost_forecast,SOPAT_xgboost_forecast,SOTE_xgboost_forecast,SPDI_xgboost_forecast,STAR_xgboost_forecast,STIP_xgboost_forecast,STVR_xgboost_forecast,TINV_xgboost_forecast,TJL_xgboost_forecast,TLNET_xgboost_forecast,TLS_xgboost_forecast,TRE_xgboost_forecast,UMED_xgboost_forecast,WIFAK_xgboost_forecast
0,0.016988486,-0.0011031617,-0.0010460608,-0.06585269,0.02128247,0.011244347,-0.03066735,-0.007528377,-0.0015046648,-0.0021220585,0.035774987,0.0010438758,-0.003246648,0.0040536867,-0.002953614,0.00080833887,0.0024354118,-0.014949966,-0.019317195,-0.046560433,0.0071726213,-0.0014859906,-0.00045429266,-0.009748296,-0.0029731083,0.035662703,-0.00047495324,0.0053602643,-0.0069796653,0.003525351,-0.0025582477,-0.0031806622,-0.0025837205,0.0018559336,0.0136456005,0.0072002187,-0.09709318,-0.0029320687,-0.007840283,-0.0045042117,-0.040905032,0.021573758,-0.00014808601,-0.0015971324,-0.0007767204
1,0.027622588,-0.00330693,-0.0035971778,0.019860929,-0.00834948,0.00095903955,-0.0034138204,0.0047112503,-0.011401902,-0.0041333954,0.0013071914,0.0010487757,0.002356885,0.0017781581,0.005108286,-0.0004566914,-0.008159838,-0.0067191133,-0.0078626005,0.0017078485,0.0101707345,-0.008926603,-0.00045429266,-0.0059601045,-0.001284326,0.014297598,0.0040254463,0.00013900778,-0.009440032,0.0006591737,-0.0071994485,0.0023494232,-0.004845085,0.024431808,-0.005238858,-0.008603138,-0.019235196,0.005959295,-0.04513074,0.002818725,0.010855341,0.005207819,-0.004215152,-0.0030439298,0.012270365
2,0.027569467,-0.0010948195,-0.004870783,0.015950466,0.011502847,0.006831539,0.0025136622,0.00034619286,0.008065648,-0.003915808,-0.0012594805,0.004824703,0.01180644,-0.005356319,-0.008096418,0.00080833887,0.0010321222,-0.01906675,-0.040074565,0.041037254,-0.0035709664,-0.004669318,-1.7954688e-05,0.003067568,-0.0015947497,-0.013733137,-0.0029098098,0.0025487314,0.013851665,0.0013489394,-0.0034107517,0.008125145,-0.0036407453,-0.007160292,-0.0019988536,0.10144836,0.008783869,0.0010352597,0.0012752757,-0.011197693,0.0073956414,-0.0028130847,-0.0035093438,0.01144244,0.0007909208
3,-0.0065881107,-0.0008328576,-0.00031147109,0.011190711,0.0048299963,-4.135003e-05,0.006807588,-0.0004739466,-0.007577476,0.0021580409,0.0010433882,0.010595626,-0.015120184,0.0067926385,0.017723512,-0.0005728983,-0.007296743,-0.014194644,-0.018932717,0.033742193,-0.0068209004,-0.013787072,5.315644e-05,0.005868421,0.0061245696,-0.0012901243,-0.004840593,0.0011703002,0.14199278,-0.008139296,-0.17402801,0.038088195,0.004240486,-7.2060952e-06,0.018880527,-0.008591386,0.0228031,0.017064182,-0.019462228,-0.0010127148,0.01262672,-0.006180952,-0.0078061633,0.0009137732,0.0008781713
4,0.054944374,-0.002053533,-0.0064773425,-0.0033663164,0.002735982,-0.003588306,0.008668485,0.0034662788,0.001472369,-0.006521924,-0.013025324,0.0017170047,-0.0007532281,0.0016788468,-0.002538647,0.00080833887,0.0014450717,-0.0018090369,-0.1615742,-0.023146508,0.0028176152,-0.0007716117,5.315644e-05,0.0036151079,0.004199362,0.0036834064,0.00038616007,-0.0043910146,0.03716456,0.009648634,0.020825157,0.016161406,0.0036779214,-0.0031124153,-0.0026012077,-0.005081504,-0.009654779,0.0032338502,0.008901851,-0.017629337,0.0013793084,0.007247304,-0.016897725,0.008548009,0.0010572423
5,0.019015662,-0.001373669,-0.003543822,0.017033402,-0.0021680081,-0.027129637,-0.0148222875,0.000590576,-0.0016804021,-0.0024397532,0.019286143,0.004055292,-0.002058452,0.012953021,-0.004112066,-0.0004566914,0.00563832,0.00031598218,0.015673373,-0.041043516,-0.0048787226,-0.0053786384,-0.00038318156,0.004392767,-0.0017168028,-0.027040182,0.00045910952,0.007818605,-0.014134664,-0.0037517794,-0.015937323,-0.013774213,0.008603657,-0.014830646,0.017183917,-0.027891453,-0.001503019,0.004898275,-0.016660461,0.0019915155,0.014493557,0.005186807,-0.009468713,-0.00083747157,-3.8526057e-05
6,0.020237444,-0.00095031527,-0.0009780196,-0.010673622,0.001523955,-0.0037317155,-0.0025829608,-0.0007756897,-0.00065109745,-0.0023274051,-0.0022735056,0.0053982534,-0.008495385,-0.0028251803,-0.006134704,0.00080833887,0.0026896559,0.004181512,0.0033726937,-0.06946006,-0.008835752,0.025100825,-0.00045429266,0.0006320985,-0.0026576167,0.03322737,0.0019305088,-0.0029487729,-0.006641686,0.008702479,-0.0054716966,0.038649477,0.0053953817,0.0012228613,0.00071197137,0.009480588,0.016081288,0.0033051101,-0.0103575755,0.0071336897,-0.0051415022,-0.0008828875,-0.0015139236,-0.001109383,0.003998079
7,0.020045873,-0.0028019652,-0.021807197,0.014229139,0.0053856713,-0.0012350451,0.005462939,0.0034726686,0.017534561,-0.005794394,0.030436236,0.0021177626,-0.0021727807,-0.0021486708,-0.0047808075,-0.0004566914,0.013064191,-0.006300015,-0.008889873,-0.066272795,-0.004863602,-0.0054902104,-1.7954688e-05,0.0012543971,-0.003298083,0.000659209,-0.00518425,-0.010238028,-0.029346967,-0.013534731,0.06730601,0.037503105,0.0173633,-0.007526238,-0.0066553303,-0.0020511204,-0.015422162,-0.0065915273,-0.00085933815,0.007940505,-0.0053322217,-0.0022459954,-0.0062142694,0.009578841,-0.00045388905
8,-0.012566032,-0.0014226488,0.010137873,-0.017015941,-0.000570645,-0.028391697,-0.00021237884,-0.0008198782,0.0025030687,0.007164454,-0.0073745637,-0.002083013,-0.0014940887,-0.0029282428,0.0012776648,0.00080833887,-0.0017108847,-0.003698999,0.010437048,-0.024579028,-0.008936101,-0.019112438,5.315644e-05,-0.0008763348,0.005788647,-0.012221641,-0.006079086,-0.0054833866,-0.032515872,0.013427875,-0.0828135,0.021386841,0.008177938,-0.008083093,0.019627616,-0.017823434,0.009866453,0.0036057218,-0.037347253,0.012000127,0.009445869,0.0063903937,0.0047034984,0.008903338,0.0030372583
9,0.03914276,-0.0014818556,-0.007644105,-4.756177e-05,0.018111348,0.0060785282,-0.0070422287,-0.0009997337,0.0044538933,-0.0058795004,0.04513011,0.003515044,0.001946738,0.0008679811,-0.0057294723,-0.0004566914,0.00016782132,0.00022983018,0.007492434,0.0049977545,-0.012298443,0.009840014,5.315644e-05,-0.0008825125,-0.004412296,0.011822416,-0.0029080869,-0.018115027,0.039595984,1.3214661e-05,-0.005298299,-0.016983597,0.0029977271,-0.0072963894,-0.0040349467,0.0122555625,-0.0035984253,0.00054460444,0.11744698,0.010007241,0.0045771915,0.024896543,0.0048669153,0.0073950877,-0.0012478281
10,0.00661351,-0.0028019652,0.00060647324,-0.0011586902,-0.00014798768,0.008562075,0.0013181318,0.0022831063,-0.002340509,-0.0038671058,-0.0030164453,0.010184877,0.015830308,-0.00074429705,-0.0033859615,0.00080833887,-0.0020478205,-0.0093758255,0.0020964404,-0.06646646,-0.009887316,-0.004857851,-0.00038318156,0.0032233582,-0.0017484254,0.00944618,-0.0015099954,-0.0033801359,-0.016898692,0.0037619066,-0.04548118,0.0038655994,-0.0026539764,0.0077157277,0.016902508,-0.018447021,-0.026942734,-0.004237214,0.014390512,-0.0015598255,-0.0021168422,0.0005753602,0.006599518,-0.0077659576,0.0005267825
11,0.005733676,-0.0014226488,0.014904885,0.0022435915,0.009591984,-0.017735552,0.003103426,-0.000112392256,-0.00042883225,0.007997341,0.04058963,0.0048247115,-0.009613413,-0.006302959,-0.0057294723,-0.0004566914,0.008441449,-0.0069751414,-0.018184686,0.0568089,-0.020111002,0.024686903,-0.00045429266,-0.00276114,-0.0005041426,-0.00035339574,-0.002539691,-0.0076558706,-0.004586258,-0.008048902,0.017363477,0.007294284,-0.0008573014,0.0070168036,0.017954154,0.0042458186,0.04471725,-0.00893449,0.012001753,-0.004723631,0.004330041,-0.052074034,0.011847987,-0.016846858,0.006353662
12,-0.010467056,-0.0014818556,-0.005090525,-0.0043996763,0.0010332642,0.006856239,-0.0101372935,-0.0009997337,0.004248158,-0.0027420595,-0.00082644395,0.0015929799,0.0025709777,0.0021539293,-0.0057294723,0.00080833887,-0.0036579554,-0.0073169004,-0.023881033,-0.074852265,-0.004742688,0.013316684,-1.7954688e-05,0.00040709044,-0.009092251,-0.0020090379,-0.002868463,0.017725227,-0.012781748,0.025091624,0.045299474,0.016839186,0.024869794,-0.0018700567,-0.008804195,-0.004020463,-0.030352699,-0.0024987215,-0.009535385,-0.005092744,-0.0068763765,-0.0038357445,-0.004855791,-0.022889014,0.00030724562
13,0.0023623572,-0.0028019652,-0.0033657677,-0.015145577,-0.010351055,-9.472782e-05,-0.0042681755,0.0032908295,0.0019017009,-0.0031177644,0.04404211,0.006535705,-0.0030834188,-0.003515876,-0.0027271966,-0.0004566914,-0.00017422452,-0.009186921,-0.022818185,-0.030266423,-0.006631833,0.0094507225,5.315644e-05,0.022303782,0.00021790466,0.00501133,9.27527e-05,0.0062365485,-0.03430478,0.0010790394,0.005026609,0.0018707876,0.0009974752,0.013262684,0.006061958,-0.0059656496,0.0143953245,-0.0018639988,-0.015505984,-0.0055248365,0.0074447566,0.010724831,0.0066543855,-0.001633006,-0.00012370896
14,0.0061581344,-0.0014226488,-0.0007763826,-0.037352454,-0.017288936,-0.004745495,0.0057457495,-0.0010388686,-0.0013691586,0.0056529287,0.03995552,0.010912972,-0.003683818,0.011856667,-0.0057294723,0.00080833887,-0.013159642,-0.010486929,-0.023318473,0.07088785,0.016795395,-0.018137118,5.315644e-05,0.011957579,-0.0038808126,0.0024641487,-0.008145757,-0.0011946042,0.03531024,-0.0013521457,-0.019431645,-0.030136388,0.005527521,-0.008783148,-0.0073937825,-0.0071601365,-0.019654602,-0.0021718314,0.006284781,0.0012186852,-0.009292217,-0.011311334,0.0029013064,-0.005165571,0.01019835
15,-0.0025503924,-0.0014818556,-0.006135727,0.014352903,-0.0016384675,-0.03855219,0.00600099,-0.0027018213,-0.0017725013,-0.0034227835,0.000962135,0.0081930375,0.0030322142,-0.0021437174,-0.0057294723,-0.0004566914,-0.005733955,-0.019750431,-0.063220754,-0.0070689386,-0.0100781,-0.004881023,-0.00038318156,0.0065764077,-0.0026591755,0.0073341304,0.0021044805,-0.0012480785,-0.016684582,0.010813937,-0.042817082,0.046844456,0.0057155485,-0.0028205765,0.018875139,0.0059611946,-0.0153429285,-0.0017652863,-0.0060432698,-0.0048653395,-0.0012004558,0.006978274,-0.028254481,0.014695329,0.0003164667
16,-0.003502121,-0.0028019652,-0.0008684244,-0.00159247,0.007850277,0.0016309428,-0.0039101876,0.0013806266,0.0014983582,-0.0071792537,-0.017790908,-3.5067627e-05,0.0055444026,0.0036167402,-0.0057294723,0.00080833887,0.002044102,-0.0018474885,0.04027764,0.023282384,-0.0035654302,0.0143414,-0.00045429266,0.018333506,0.00037600257,-0.0036385548,-0.0071802554,-0.00350741,0.0033179065,-0.021579811,0.07515448,0.016175114,-0.0046380768,-0.014786084,0.02627881,-0.0004056689,0.055336773,0.010830427,0.009167195,0.006213906,0.005238095,-0.008675715,-0.0020553165,0.0031200796,0.0051051695
17,-0.0032434207,-0.0014226488,-0.007312583,0.0009693732,-0.009664187,-0.0012180762,0.0012449212,-0.0025178723,0.0019017009,-0.00488038,0.03947359,-0.0032664067,-0.0058990745,0.0017856619,-0.0057294723,-0.0004566914,0.004999488,-0.0022864207,0.034292623,0.042590093,0.007294877,0.010296979,-1.7954688e-05,0.0106701255,0.00051615894,-0.0023756227,-0.0013868706,0.0070661283,-0.022021113,0.015302962,0.035581987,0.013572064,0.0017423296,-0.012677893,-0.010308231,0.00092489435,-0.030851604,-0.0036602167,-0.0025597098,0.004930022,-0.00049715623,-0.011545295,-0.0019640885,0.0056498703,-0.0014004346
18,-0.0025503924,-0.0014818556,-0.0034870668,0.035275016,-0.0017778485,-0.008417407,0.002933243,0.0029780304,-0.0013691586,-0.002012596,-0.031125892,0.0004390754,-0.004807846,-0.0007862032,-0.0057294723,0.00080833887,-0.0033057479,-0.0046915184,-0.026805114,-0.10266439,-0.013340314,-0.014170161,5.315644e-05,0.010364556,-0.0018957331,-0.0031356574,-0.0032665187,0.002134049,-0.01353697,-0.023711255,-0.04885566,-0.017765205,0.002076611,0.00016203368,0.0063740714,-9.45176e-05,0.043440968,0.008491495,-0.03688247,0.0013451733,0.004039504,0.0058578835,-0.03172962,-0.004471626,-0.004091923
19,-0.0025503924,-0.0028019652,0.0026453827,0.008604215,-0.00086812035,0.006151548,-0.0017563528,-0.021344014,-0.0017725013,-0.0020103669,0.023240114,-0.0025788578,-0.003202231,0.0010718515,-0.0057294723,-0.0004566914,-0.0003072504,-0.0038556103,0.003592331,-0.07744355,0.009199814,0.014737717,5.315644e-05,-0.011186849,-0.0050263703,0.0026577723,-0.0027318886,-0.0050560767,0.028004345,0.008522723,-0.0036747595,0.009161807,0.0016784011,0.003645926,-0.0014847011,0.016542673,0.009456479,-0.0053719473,0.08724701,-0.0021991588,-0.0028237768,0.010667573,0.0116590625,-0.0071132015,-0.005178676
20,-0.0032434207,-0.0014226488,-0.024378816,-0.034784473,0.005734607,0.0013744076,-0.0043767984,-0.024053233,0.0014983582,0.0025752413,0.00894268,-0.005522525,1.1976929e-05,0.006516195,-0.0057294723,0.00080833887,-0.0021237263,-0.019496452,0.0068851616,-0.07547546,-0.013021488,0.013348899,-0.00038318156,-0.00037848306,-0.0020041142,0.0073341304,-0.00074754714,0.0062078563,0.0011335813,0.0012325335,0.02941822,0.053586148,0.0068372954,-0.009310317,0.025126725,-0.011095818,0.0006327407,0.000977705,-0.017261956,-0.003476938,0.012080835,0.004246933,0.0034764116,-0.0159175,-0.010001654
21,-0.0032434207,-0.0014818556,0.008311297,0.013519444,-0.0064163134,0.018510267,0.0017760517,-0.045123443,0.0019017009,0.0036831168,0.048738483,0.0015630588,-0.00441113,0.010729119,-0.0057294723,-0.0004566914,-9.5368014e-05,-0.016748607,0.054324742,0.003046847,0.002000202,0.00088322,-0.00045429266,-0.0011587379,-0.00092232233,0.008065867,-0.0029005057,-0.0038720942,0.0004142984,0.023508484,-0.040563885,0.018004917,0.0008419816,-0.0109916935,0.026702505,0.0036198813,0.028864516,0.006228784,0.01225608,0.001463546,-0.0041481457,-0.0024483283,-0.009895643,-0.0024176652,0.014608094
22,-0.0032434207,-0.0028019652,-0.0011310162,0.024237037,0.0053186766,0.013218825,0.002035977,0.009155923,-0.0013691586,-0.0028244555,0.008003911,-0.0003497139,0.0056232046,0.0017361293,-0.0057294723,0.00080833887,0.0026783934,0.0017309742,-0.018477825,0.028167753,-0.0048470534,-0.011416086,-1.7954688e-05,0.012970704,-0.0075880215,-0.0054802964,0.0002590322,0.008524065,0.0010824994,0.0044889487,-0.004832496,0.0057351436,0.0004525726,0.0021596677,-0.011880556,0.0067716558,0.012801141,-0.0075766924,-0.02094965,-0.010233215,-0.0002490367,-0.0059233787,0.006184237,-0.0031752037,0.0067513273
23,-0.0032434207,-0.0014226488,-0.0076297843,0.01139169,-0.0052978047,0.0004699553,-0.00203197,-0.021595964,-0.0017725013,-0.0028563787,0.044300452,-0.021302935,0.0007159348,-0.001292304,-0.0057294723,-0.0004566914,-0.0030394252,0.013371343,-0.031685006,-0.14319196,-0.0037045444,-0.018807769,5.315644e-05,0.005548035,0.0026885748,-0.016283844,-0.0069158534,0.0012403084,-0.006374099,0.021183254,0.006852552,0.015838536,-0.002345644,-0.0066382186,-0.0026997153,0.008996231,0.019227507,0.021537961,-0.009299859,-0.0026920063,-0.0039526946,0.0028155546,0.0059978785,0.0041814824,0.005553845
24,-0.0032434207,-0.0014818556,0.0039974083,0.019092586,-0.010312376,-0.0054297466,-0.0035037647,0.019616028,0.0014983582,-0.027846778,-0.0040199296,-0.019722028,-0.00034347674,0.00834273,-0.0057294723,0.00080833887,-0.0035050209,0.003956538,-0.0029906898,-0.0024922383,0.001576183,-0.00979556,5.315644e-05,0.008200089,-0.0020542922,0.007937086,-0.0053234925,-0.009741333,0.0034043267,0.0029826907,0.0034143657,0.005199574,0.0026621437,-0.00175394,0.0023184384,-0.009534888,0.017675914,0.00062593346,0.009208844,-0.011069327,0.00062622566,-0.0014721283,0.013641331,0.0027468556,0.0057435026
25,-0.0032434207,-0.0028019652,0.0064182,-0.0012734656,-0.0007405005,0.008816834,0.0010896395,-0.008957291,0.0019017009,-0.015484095,0.04215818,0.008427613,0.006017595,0.0010890855,-0.0057294723,-0.0004566914,-0.008610542,0.0026624263,-0.02713444,0.01066543,-0.0017106334,0.0035826513,-0.00038318156,0.0034730877,0.00064946833,-0.009801809,-6.1740866e-05,0.0028299685,0.011532337,0.010494783,0.0010560073,0.020368911,-0.0011948931,0.011406115,-0.0052530454,-0.0031746356,0.068945624,-0.007431105,-0.03214615,-0.031297512,0.0034627577,-0.017578404,0.0091134235,0.00013254507,0.015249115
26,-0.0032434207,-0.0014226488,-0.0091726845,0.006234251,0.005958546,-0.0010125099,0.0045524733,-0.015164355,-0.0013691586,0.0009115427,-0.007812482,0.0047914586,0.0026801983,0.015224593,-0.0057294723,0.00080833887,-0.00075890374,0.002019962,-0.013379422,-0.014535236,-0.003704742,-0.00736701,-0.00045429266,0.009033227,-0.0027379487,-0.013233587,-0.006227529,-0.005042739,-0.0067646797,0.011393842,-0.0003836312,-0.007179437,0.004073434,-4.4173003e-06,0.028760266,-0.0017272277,0.01216931,-5.6035035e-05,-0.017731579,0.023120439,0.0014207442,0.0025194224,-0.0069770534,-0.006202488,0.02228663
27,-0.0032434207,-0.0014818556,0.008393937,-0.0012089316,0.0065860003,-0.0018962172,-0.0020722328,-0.007871211,-0.0017725013,-0.013045083,0.043337494,0.007929581,-0.004343779,-0.005270337,-0.0057294723,-0.0004566914,-0.0023160852,-0.009512783,-0.0055160653,-0.002559891,-0.008351865,0.0014373995,-1.7954688e-05,-0.010868969,0.009404663,0.001648226,-0.006281797,0.00890848,0.008015316,0.008342571,-0.000631361,0.015745372,0.007919579,-0.0027366222,0.0050180713,-0.0075624515,0.058561794,0.012908947,0.004640802,-0.016551074,0.001757439,-0.01014156,-0.04644094,-0.0034919642,0.024656339
28,-0.0032434207,-0.0028019652,0.010428389,5.3607e-05,-0.007916702,-0.032576185,-0.0032612488,-0.011136721,0.0014983582,-0.003446524,0.0041499455,0.008365492,-0.0025605771,0.0030453065,-0.0057294723,0.00080833887,0.0017236894,-0.007589139,-0.00793981,-0.008369654,-0.013158263,0.0017406718,5.315644e-05,-0.0017590823,-0.005156943,0.012898448,0.0010084817,-0.007054918,-0.0004658485,0.00945526,0.002877875,-0.018346488,0.00023648726,-0.012244777,0.00051739934,-0.005702841,0.06525971,0.0034314098,-0.049200524,0.00854045,-0.00078706397,-0.006096487,-0.04865855,-0.0048058885,-0.03372781
29,-0.0032434207,-0.0014226488,0.0057105413,-0.10658106,-0.0037312084,-0.00022286976,0.0043120105,-0.011646253,0.0019017009,0.011528127,0.0006522339,0.002491491,-0.002595651,-0.0017421406,-0.0057294723,-0.0004566914,-0.003082419,-3.5756457e-05,0.0016070798,-0.040591095,-0.017694179,-0.00044753126,5.315644e-05,0.0048088133,0.0002296791,0.0036373418,0.0014606796,-0.007957899,0.007766122,0.01422202,-0.002418001,0.027253948,0.018430864,-0.012471971,0.011605944,-0.0012248931,0.09569559,-0.0008277655,0.12027963,-0.007926249,-0.009360709,-0.003354567,0.0005908807,0.00038441338,-0.040443048
30,-0.0032434207,-0.0014818556,0.003850229,0.045211047,-0.0069155134,-0.00078549155,0.0042224857,-0.01702475,-0.0013691586,-0.00015237568,-0.00927575,0.009751314,0.000739469,0.008881633,-0.0057294723,0.00080833887,-0.0106974635,-0.0022392308,-0.023596082,-0.023879176,-0.010408182,-0.0076957745,-0.00038318156,-0.008765105,-0.0025145551,-0.010554068,-0.0043591247,-0.0054790787,-0.005653959,0.0070033413,-9.6836084e-05,0.049843524,0.003192749,-0.0022787084,-0.0051277066,0.005396067,0.0394609,0.002174418,-0.042802215,0.017272903,-0.0040841075,0.009666147,0.020597832,0.0015242829,-0.0013587327
31,-0.0032434207,-0.0028019652,0.00068795885,-0.03801331,0.0019533536,-0.059261233,-0.010252196,-0.020499429,-0.0017725013,-0.0067719617,0.04388567,0.0026823517,0.0054877996,-0.0048156264,-0.0057294723,-0.0004566914,-0.0023687892,0.0010724498,-0.011502485,-0.040591095,-0.0009547181,-0.004934022,-0.00045429266,0.015042531,-0.007264913,0.0066133114,-0.006725618,0.0033211834,-0.0012964953,0.013528801,0.0019601388,0.0115361735,0.00784502,-0.011443723,0.016369322,-0.0067824675,0.049596917,0.0022619204,-0.015929563,-0.027261537,0.005375746,0.006483737,-0.009780422,-0.0007083505,-0.0042784885
32,-0.0032434207,-0.0014226488,-0.0026315441,0.038776837,0.025123795,-0.013480144,0.0013019214,-0.031359807,0.0014983582,0.006076326,-0.022075588,-0.0020557237,0.0056404546,0.004249093,-0.0057294723,0.00080833887,-0.0012748274,0.0052288743,-0.012871408,-0.029962927,-0.008543376,0.0063087232,-1.7954688e-05,-0.00012124056,-0.0070232144,-0.0008894157,0.00025110433,-0.005489211,0.011052227,0.0072562904,-0.00036102528,-0.029677529,-0.009561939,-0.03194795,0.001093428,0.0016698093,0.025842983,0.007933319,-0.04667934,-0.0024825793,0.0031237958,0.00024880376,-0.005042672,-0.0034388094,-0.013000085
33,-0.0032434207,-0.0014818556,-0.0054663545,0.025186785,-0.007201061,-0.019002486,0.0019178027,-0.023240423,0.0019017009,0.003553029,0.050586935,0.0035558864,-0.0024054903,0.0019466194,-0.0057294723,-0.0004566914,-0.0047042435,-0.004403946,-0.02544166,-0.037631962,-0.009569603,-0.005454884,5.315644e-05,-0.011432628,0.0049649067,0.00071462494,0.0010057049,-0.0052755666,-0.013811555,0.022801252,-9.6836084e-05,0.0018527493,0.028424883,0.0028944886,-6.2117583e-06,0.0052061747,0.026097236,-0.0007253739,-0.030545821,0.0014129181,0.0054842145,-0.008794418,-0.0001404294,-0.007858407,0.04283692
34,-0.0032434207,-0.0028019652,0.004602501,-0.07732086,-0.0017205188,0.0064263693,-0.0058394084,-0.028423587,-0.0013691586,-0.0042956215,0.0053183436,0.004493997,-0.005006973,0.0074982485,-0.0057294723,0.00080833887,-0.009854626,0.001992094,0.036101095,-0.029962927,0.010868679,-0.002957416,5.315644e-05,-0.0011267967,0.004217527,0.00071124744,-0.007991692,0.010512764,0.009556427,0.02202107,0.0019601388,0.050991908,-0.0015949183,-0.011037854,0.01487078,0.0038268876,0.032525554,-0.004703484,0.0025509617,0.010604131,-0.001650749,-0.0040844465,0.0156597,0.0011347809,0.032354742
35,-0.0032434207,-0.0014226488,0.009628152,-0.014260073,-0.01542162,-0.0027570203,-0.00017138782,0.012274098,-0.0017725013,0.018595302,0.0027569863,0.004585029,-0.00069439877,0.00022179069,-0.0057294723,-0.0004566914,-0.006095086,0.0025597857,0.01940218,-0.02130763,0.0016609038,0.0028142596,-0.00038318156,0.016218292,-0.006231808,0.013534664,0.0040983623,-0.002834407,-0.010167887,0.022887027,-0.00036102528,0.014556989,-0.0014585468,-0.0016374631,0.001225404,0.00026851433,0.01939083,0.0040514823,-0.03630236,0.006807578,-0.0013184667,0.040610034,-0.025606927,-0.0138252815,0.006850776
36,-0.0032434207,-0.0014818556,-0.0010348061,-0.00844061,0.0056059156,0.010052877,0.006436952,-0.01977766,0.0014983582,-0.0068563307,-0.0038687417,-0.00030086318,-0.0006381164,-0.008272555,-0.0057294723,0.00080833887,-0.0058686915,-0.0025938551,-0.017945321,-0.02346829,0.0051133367,-0.0049281963,-0.00045429266,-0.0006229956,0.0047144913,0.0012768824,0.00088336697,-0.012158667,0.0250588,0.03318693,-9.6836084e-05,0.020614775,-0.028708665,0.050295696,0.0036494264,0.010575526,0.041243695,0.016134858,0.012169092,0.01530566,-0.0022319984,0.0047880393,0.008992322,-0.006224889,0.0040456597
37,-0.0032434207,-0.0028019652,0.0053983214,-0.0033587525,-0.007063031,0.0026707582,0.008638933,0.028169973,0.0019017009,-0.0076891747,0.07782181,0.0009659099,-0.005500644,-0.005510669,-0.0057294723,-0.0004566914,-0.008774669,0.00433835,0.03907602,-0.02346829,-0.0018577086,0.0054301647,-1.7954688e-05,-0.0018540114,0.01330262,-0.0062152706,-0.0038106113,0.012968703,-0.0030558545,0.023399794,0.0019601388,-0.020943101,0.0024087098,0.004904143,0.00018081635,-0.00053637417,0.005518772,0.008883093,-0.0053153858,-0.0049600587,1.6827626e-05,0.0019715799,0.0070223603,0.0011867211,-6.136866e-05
38,-0.0032434207,-0.0014226488,-0.0022495668,0.010368043,0.010985238,0.0071065575,-0.008306216,-0.0126143275,-0.0013691586,0.0048280894,-0.015505408,0.0010697002,-0.0039514415,-0.006575977,-0.0057294723,0.00080833887,-0.0066643823,-0.0020669769,-0.010232149,-0.03781086,-0.00035845235,0.00074420235,5.315644e-05,0.0015025757,-0.003785003,-0.004883793,-0.0032830215,-0.019169772,-0.0011503947,0.01890686,-0.00036102528,0.009782453,-0.0019541378,-0.0044967965,-0.0016650232,0.0035113655,0.09133687,-0.0020989832,-0.033889763,-0.008809358,-0.0055955807,-0.010045561,0.006123118,-0.0067705777,-0.013920769
39,-0.0032434207,-0.0014818556,0.0009973829,0.010236571,-0.008484655,0.02035787,-0.0054501314,-0.010456763,-0.0017725013,-0.011074105,0.009998112,0.024286509,-0.0010592577,-0.002400716,-0.0057294723,-0.0004566914,-0.016617144,-0.015122891,-0.01084292,-0.0404122,-0.0048451307,-0.0045803515,5.315644e-05,-0.0075561227,4.7241952e-05,0.013666989,0.0018412262,0.0062988442,0.00068529294,0.0247463,-9.6836084e-05,0.016608553,0.0113898255,-0.0069050435,0.022515161,-0.0074595353,0.014846246,0.010683171,0.11780079,0.006168969,-0.008550565,0.021484258,0.002718022,0.0117291035,0.016250342
40,-0.0032434207,-0.0028019652,-0.00013194986,-0.013425466,0.0065928544,0.0073749507,0.003482808,-0.032632846,0.0014983582,0.015662054,0.0022006796,-0.0010847915,-0.00028777577,0.0018314283,-0.0057294723,0.00080833887,0.0038886925,-0.004167486,-0.048133373,-0.0404122,-0.011056153,0.008433039,-0.00038318156,0.0071452623,-0.0076494017,-0.008900157,0.004219899,0.0014111337,-0.006475593,0.024571754,0.0019601388,0.0106966775,0.004281005,-0.011576184,0.0015431873,0.001366476,0.15855932,-0.0047458727,-0.017957479,0.0056939353,-0.000401703,0.0037017826,0.0030269918,0.0075724972,0.0013570193
41,-0.0032434207,-0.0014226488,-0.003438029,-0.031182876,0.0012329797,-0.007880794,0.0010681854,-0.018826606,0.0019017009,0.0069638686,-0.008432995,0.004045455,-0.00074187433,0.008571383,-0.0057294723,-0.0004566914,-0.004444357,0.004206448,-0.052489333,-0.029962927,0.0011250173,0.0032303643,-0.00045429266,0.002515096,-0.0006382033,0.007145695,-0.005540902,-0.015397735,0.00047205118,0.012419372,-0.00036102528,-0.011452871,0.00034300826,-0.0043113376,0.0024484494,-0.00021501003,-0.038409878,0.016581109,-0.015864376,-0.0028940914,0.004168766,0.00088574784,-0.014104961,-0.0016925002,0.0031341987
42,-0.0032434207,-0.0014818556,0.002425013,-0.015840614,-0.0041660294,-0.028166046,-0.0036120694,-0.037789024,-0.0013691586,0.009428898,-0.00087669236,-0.0055579683,0.003952514,-0.008001597,-0.0057294723,0.00080833887,-0.006189225,-0.0007286972,-0.040032893,-0.02130763,-0.013386862,-0.0055572297,-1.7954688e-05,0.005799216,-0.0033766516,-0.015471639,-0.0001208858,-0.016931063,0.0032359755,0.03865203,-9.6836084e-05,0.084725566,0.005215688,-0.0020278809,-0.0036158743,0.003095247,-0.021358062,0.0029498476,-0.016572053,0.0025522893,-0.0014782179,-0.0075237374,-0.024574809,0.006596785,0.0031734237
43,-0.0032434207,-0.0028019652,0.0017033408,-0.0026038708,-0.0036943327,-0.011895027,0.00042315986,-0.008827349,-0.0017725013,-0.022503417,0.0061897356,0.0024349203,-0.008694945,-0.0009916606,-0.0057294723,-0.0004566914,0.0009376647,-0.0022400545,-0.008702922,-0.02346829,-0.014992731,0.012380702,5.315644e-05,0.002829785,0.0016729177,-0.0076704198,-0.00893377,0.008600166,-0.0080323545,0.022041168,0.0019601388,0.05219614,0.008702984,-0.0078111943,0.006533937,-0.0063184877,0.011432604,0.004369325,-0.016211972,-0.020297611,0.008754146,-0.013519651,-0.04889123,0.0017440831,0.0012753997
44,-0.0032434207,-0.0014226488,-0.004189334,0.0022656366,-0.0011631385,0.013152239,0.0024691827,-0.014063511,0.0014983582,0.009908177,-0.002845661,-0.011368326,-0.00014259636,-0.00078719895,-0.0057294723,0.00080833887,0.0065552546,0.0039828443,-0.012009956,-0.02346829,0.006849058,0.009452513,5.315644e-05,-0.020045718,-0.004301713,-0.027155481,-0.0029586721,0.0034861781,0.0076764813,0.01062599,-0.00036102528,0.026771523,-0.0019433285,-0.00022617001,0.0040648533,-0.004052923,0.015601228,0.0010048054,0.0057264366,0.016307488,-0.001271802,-0.00061051256,0.013756701,0.0010200688,-0.0029833051
45,-0.0032434207,-0.0014818556,-0.0039320067,0.0069310223,0.0128617855,-0.012517191,0.004015971,0.032483377,0.0019017009,0.0067186463,0.00018896906,-0.00735866,0.002886726,0.00995739,-0.0057294723,-0.0004566914,0.004804679,0.00038125506,-0.013610378,-0.03781086,-0.0019638804,0.011202074,-0.00038318156,0.00237996,-0.00010203976,-0.023825034,-0.0020159886,-0.0074192556,-0.0041998406,0.027625985,-9.6836084e-05,-0.018414887,0.013058584,-0.007692966,0.0018986333,-0.010368638,-0.015760563,0.0034356064,-0.005545188,-0.00939264,-0.002508268,-0.0014374863,-0.0011640715,-0.0043477267,0.024086073
46,-0.0032434207,-0.0028019652,0.009396982,-0.007633861,0.004326268,0.004483492,9.1189824e-05,-0.00070616,-0.0013691586,-0.0028072195,-4.5025274e-07,0.00023926399,0.001385559,-0.0035882213,-0.0057294723,0.00080833887,-0.004234262,-0.008965895,-0.0019868643,-0.0404122,0.003836582,0.0035435038,-0.00045429266,-0.003747969,-0.0094001135,-0.012458857,-6.818679e-05,0.009142191,-0.001766779,0.017380115,0.0019601388,-0.013126264,-0.0025364934,0.0069127507,-0.0040556244,-0.0011903408,0.023828404,0.0003342276,0.001429716,-0.0006304948,-0.0073844097,-0.0056634382,-0.0037804788,0.00043189383,-0.00082594715
47,-0.0032434207,-0.0014226488,-0.0132128885,-0.038270976,-0.0040234104,0.0069921548,0.0004671234,0.0049893847,-0.0017725013,-0.005920556,0.0005405644,-0.005591162,0.0034291237,0.0006089474,-0.0057294723,-0.0004566914,0.005420711,0.0005138064,0.002692224,-0.0404122,-0.0041643903,0.018782644,-1.7954688e-05,-0.0018277426,-0.0023426134,0.0025214872,-0.003437413,-0.0002023473,-0.0025471293,0.024295565,-0.00036102528,0.021343075,0.0061446643,0.008704483,-4.1069583e-05,-0.0022762762,-0.006107545,0.0042731944,0.002830154,-0.012590956,-0.0010368165,-0.0062195575,-0.011333233,0.0023439238,-0.027708026
48,-0.0032434207,-0.0014818556,-0.0070705176,0.012076364,0.0047937334,0.01920818,-0.00029645266,-0.012835367,0.0014983582,0.025650933,-0.0018961461,-0.004093893,0.0053979326,0.0026148688,-0.0057294723,0.00080833887,0.015698846,0.0040941606,-0.018176792,-0.029962927,0.021003986,0.01443963,5.315644e-05,0.0010490267,-0.003554924,0.010495366,-0.0005936785,-0.0056454996,-0.0069677383,0.03617948,-9.6836084e-05,0.015310794,0.0053570746,-0.0018141735,-0.0047959858,-0.007927472,0.0073548406,0.0032660256,-0.032595478,0.0130576035,-0.0031230531,0.012986752,-0.011500068,-0.001183566,0.0002098491
49,-0.0032434207,-0.0028019652,0.0022843913,0.022348735,-0.011426856,-0.003587691,-0.0050720386,-0.03237547,0.0019017009,-0.0019036719,-0.0013781134,-0.052843936,-0.0006708853,0.004420097,-0.0057294723,-0.0004566914,0.005417245,0.0036783428,-0.029952513,-0.02130763,0.000628084,-0.0020211646,5.315644e-05,-0.0029152622,-0.00010933791,0.03818538,-0.0018586336,-0.005704897,0.0062044,0.017461384,0.0019601388,0.0015459219,0.004279405,0.00344191,0.0029855124,0.002943584,0.039848182,0.0017088958,-0.035578925,0.008298547,-0.0016970625,-0.013244597,-0.013862095,0.003569592,-0.010009282
50,-0.0032434207,-0.0014226488,-0.0077998852,-0.006378042,0.012265922,-0.0026258992,-0.0005661867,-0.024381166,-0.0013691586,-0.008092829,-0.0028663743,-0.018331392,-0.0027264182,-0.0008553271,-0.0057294723,0.00080833887,0.00837547,0.0034622992,-0.018612284,-0.02346829,-0.0056364113,0.00025100092,-0.00038318156,0.00093115994,-0.0042563425,0.0082717715,-0.0033630342,0.004607619,-0.0039514275,0.024462685,-0.00036102528,-0.016599357,0.0046567325,-0.008218351,-0.012391661,0.004616381,-0.029434016,-0.0027401668,-0.016986404,-0.017402835,-0.00094148685,0.001706717,0.0033261494,-0.0015288264,0.0027415908
51,-0.0032434207,-0.0014818556,-7.353777e-05,-0.010134781,0.0030362895,0.0022561622,0.002875272,-0.021266496,-0.0017725013,-0.0080583235,0.043745127,0.0022582416,0.00054803246,0.00030764332,-0.0057294723,-0.0004566914,0.029331388,0.007302849,-0.03262925,-0.02346829,-0.002935336,0.0012769292,-0.00045429266,0.019011877,-0.0040025515,-0.0027595113,-0.0026222274,-0.008614921,-0.008896949,0.028578894,-9.6836084e-05,0.012814847,0.002076611,-0.015426491,0.0069365017,0.0036911778,-0.003658547,0.022438237,0.004360306,0.011422734,-0.0070405835,-0.006836106,-0.015629895,-0.005150729,0.00034192725
52,-0.0032434207,-0.0028019652,0.0054708277,-0.0064811558,-0.0028768051,-0.004642383,0.0016322224,-0.013638084,0.0014983582,-0.013699058,-0.0010278227,-0.0025054708,0.0015310517,0.00093812065,-0.0057294723,0.00080833887,0.003427528,0.0017180338,-0.028263433,-0.03781086,-0.0083275,-0.00029719793,-1.7954688e-05,0.02062516,-0.0073289517,-0.0018298565,-0.0062697562,0.00069557957,0.0022791272,0.018285869,0.0019601388,0.019022837,0.0013330088,0.0015252089,0.025004175,0.0016518339,-0.0013423058,0.0006571899,-0.0038760672,-0.007213065,0.0045712516,-0.008719922,0.0053513455,0.0056694015,0.006258594
53,-0.0032434207,-0.0014226488,-0.0068065664,0.0024544727,0.002976561,0.019593883,-0.0030540642,-0.0153741855,0.0019017009,0.0044730245,-0.0013400479,-0.04074332,-0.0027030976,-0.0014455857,-0.0057294723,-0.0004566914,0.010477701,-0.0035124668,0.011947589,-0.0404122,-0.020004518,-0.003403999,5.315644e-05,0.012284686,-0.0013007806,-0.0027462544,-0.0061571407,0.0013952154,-0.0027348204,0.023171341,-0.00036102528,0.010981185,0.0009943242,-0.0039044921,0.014028783,0.009655195,0.01643758,-0.011525913,-0.004388497,-0.010343893,-0.006779745,-0.005514869,0.0034806214,0.0023798977,0.00397939
54,-0.0032434207,-0.0014818556,0.0042967335,-0.011989098,0.001970713,0.0076070945,0.00072172156,-0.0016491584,-0.0013691586,-0.0012474764,0.0020799804,0.0012525683,-0.0005720897,0.0010232334,-0.0057294723,0.00080833887,0.004716425,-0.0021248688,0.0254997,-0.0404122,-0.018464115,0.005141522,5.315644e-05,0.010363348,0.0003456347,0.0070304936,-0.0007798598,-0.003834821,0.003110382,0.028164608,-9.6836084e-05,-0.01673336,0.002076611,0.0036344246,0.0082270615,-2.6057014e-05,-0.008419426,0.0041724797,-0.009908232,-0.0061003016,0.0014922479,0.012852788,-0.016598852,-0.0029227922,5.3562093e-05
55,-0.0032434207,-0.0028019652,-0.0011960003,0.00044482818,0.008963197,-0.011431066,0.0018510807,0.00840791,-0.0017725013,0.00017504008,-0.007933331,0.011590466,7.912236e-05,-0.00019296279,-0.0057294723,-0.0004566914,-0.0024147774,-0.020957775,-0.00343277,-0.029962927,-0.007302245,-0.004099491,-0.00038318156,0.0050334805,0.00022127776,0.007792477,-0.0030925607,-0.006385549,-0.006271067,0.018821312,0.0019601388,0.0013465617,0.002076611,-0.017994573,-0.0069722775,0.0077996096,0.045799915,-0.003143595,-0.021629788,0.012689238,-0.0036198387,0.0046732863,0.007249483,-0.00879415,0.007325718
56,-0.0032434207,-0.0014226488,-0.038667403,-0.022857165,-0.004034393,0.015005443,-0.0026619434,-0.0024659717,0.0014983582,0.0011197301,-0.016615495,-0.0058969585,-0.0016120375,0.0013491946,-0.0057294723,0.00080833887,0.02048143,-0.0061301687,0.011327608,-0.02130763,0.011611837,0.00027125285,-0.00045429266,0.010843279,0.0025427626,0.0053597437,-0.0050371694,6.0442937e-05,0.0040290332,0.024822973,-0.00036102528,0.037993275,0.002076611,0.025083985,0.00910451,-0.002226128,0.00026223704,-0.0015939495,-0.018050626,-0.008230835,-0.0009516115,-0.0004415284,0.010991076,0.0021302036,0.016733997
57,-0.0032434207,-0.0014818556,0.007736926,0.028565535,-0.0015484934,0.0036500297,-0.005982849,0.004937589,0.0019017009,0.0024634227,-0.0027445164,-0.012071277,-0.0018358061,0.0019352987,-0.0057294723,-0.0004566914,-0.0034599237,-0.004775575,0.011910233,-0.02346829,0.0018924959,-0.004823367,-1.7954688e-05,-0.0027973764,0.0041388795,-0.019238578,-0.000117425196,-0.003797081,0.011227053,0.026606705,-9.6836084e-05,0.01634506,0.002076611,-0.0047385655,0.011106334,-0.0017878353,-0.021155626,0.0034667691,0.013743234,0.003574439,-0.0008803708,-0.001890097,-0.007646242,-0.004138653,0.0023566475
58,-0.0032434207,-0.0028019652,0.0062921364,-0.0046043033,0.013446985,-0.009738374,-0.0012492731,-0.024291096,-0.0013691586,-0.0010855969,0.030768787,0.006529299,0.0003124726,-0.0034648299,-0.0057294723,0.00080833887,-0.008225839,-0.009918482,0.015941225,-0.02346829,-0.0011272419,-0.014652562,5.315644e-05,-0.018462894,-0.0007270986,-0.023671677,-0.0009808071,0.0027243092,-0.01351529,0.027943842,0.0019601388,-0.0031906418,0.002076611,0.00035432496,0.006068737,-0.010009443,0.023445645,0.010622691,-0.015339327,-0.029721085,-0.006903981,0.00097262446,0.008320863,0.0010834964,0.00013971097
59,-0.0032434207,-0.0014226488,0.0006172009,1.0227507e-05,0.0212596,-0.0031785935,0.003993739,-0.022109162,-0.0017725013,-0.0035616963,0.002719704,0.0049289954,-0.0034080204,0.01577663,-0.0057294723,-0.0004566914,-0.0044263965,-0.014125022,-0.008268476,-0.03781086,0.051147636,-0.007463707,5.315644e-05,0.0026494984,-0.0033268486,-0.003582564,-0.0052270093,-0.0011994004,0.0041160714,0.019665807,-0.00036102528,-0.018841222,0.002076611,-0.0007424128,0.010451965,-0.002850135,-0.02570163,0.0018413138,-0.0017602356,0.0045911297,0.0018121056,0.010485685,0.015033946,-0.0097463755,0.00096412556
60,-0.0032434207,-0.0014818556,0.0048546884,-0.015315429,-0.0037731444,-0.0005672382,-0.003527022,-0.029880643,0.0014983582,-0.0068845726,0.00065964105,0.0014629873,0.0016554957,0.009586238,-0.0057294723,0.00080833887,-0.012781,0.0073723644,-0.040235143,-0.0404122,-0.008404423,0.003386883,-0.00038318156,0.014707981,-0.0006893216,-0.0153319,-0.0005829208,-0.008802389,-0.0089327395,0.022983689,-9.6836084e-05,-0.00024167854,0.002076611,0.01049468,-0.00031238407,-0.007986999,-0.008956785,0.0012634293,-0.0063515515,-0.014318834,-0.006415286,-0.0018320068,0.01802024,0.009370478,0.0051168753
61,-0.0032434207,-0.0028019652,0.003278533,0.025270436,-0.0057843835,-0.007618441,0.00017069356,-0.01644339,0.0019017009,-0.014762769,0.0016857457,0.004026602,-0.0014375304,0.0053553316,-0.0057294723,-0.0004566914,0.0017992293,-0.0024578527,-0.014437032,-0.0404122,-0.023453072,0.012045442,-0.00045429266,0.0053441003,-0.003447866,0.0016408369,-0.00012622624,0.0020579153,0.0035971473,0.021278767,0.0019601388,0.028471474,0.002076611,0.006465817,-0.0012149381,0.00092692056,0.0013414805,0.008093847,-0.05063611,0.0011315487,0.0021950984,-0.016816365,-0.010430778,0.0011585915,-0.0013432404
62,-0.0032434207,-0.0014226488,0.010219739,-0.031194713,-0.006160695,-0.03975202,0.0046377997,-0.026127525,-0.0013691586,9.95611e-05,-0.00084980286,0.007977903,-0.0044582346,0.0048439032,-0.0057294723,0.00080833887,-0.0022061688,0.011236902,-0.0072292965,-0.029962927,-0.0052407114,0.00038917016,-1.7954688e-05,0.0067949947,-0.005705544,0.03611096,-0.0046271603,-0.0020943033,0.0024786138,0.007334433,-0.00036102528,0.022464873,0.002076611,0.008870198,0.0021968328,0.014123224,0.002605177,-0.0009291741,0.12715863,-0.027538314,-0.007829096,0.0059184856,-0.008072983,-0.007895863,-0.0016074823
63,-0.0032434207,-0.0014818556,0.0078889225,0.021530658,0.012925217,-0.0031249432,-0.0006337824,0.013393357,-0.0017725013,0.009615606,-0.001258845,0.008685795,-0.0012813086,-0.0023889458,-0.0057294723,-0.0004566914,-0.0058243847,-0.0054264516,-0.006286978,-0.02130763,-0.01604307,0.013245898,5.315644e-05,0.0030823685,-0.0066789826,0.006031775,-0.002341219,-0.0045551937,0.0027931563,0.022990553,-9.6836084e-05,0.030229853,0.002076611,-0.004538136,-0.0018746854,0.00021584876,0.0033589741,0.001728937,-0.050869707,-0.0106985895,-0.00055355625,0.0056275725,-0.011882709,-0.01613103,0.00047525935
64,-0.0032434207,-0.0028019652,0.0024950127,-0.01614877,-0.01217922,-0.004886132,-0.0066583743,-0.021848349,0.0014983582,0.011657469,0.021970185,0.0016700133,-0.00456219,-0.004857516,-0.0057294723,0.00080833887,0.0012676656,0.0012813726,-0.027413236,-0.02346829,0.0052595623,0.0026804283,5.315644e-05,0.0103628775,0.00598509,-0.014497555,0.001356761,0.0047403006,0.002278114,0.018137371,0.0019601388,-0.032755364,0.002076611,-0.005421814,0.011279732,-0.0052244305,0.02915254,0.002043665,-0.042584594,0.012994072,-0.0050301836,-0.00470688,-0.009785181,0.006382526,0.0050697126
65,-0.0032434207,-0.0014226488,-0.001439777,0.019279372,0.0035517027,-4.7440277e-05,0.0015949437,0.027658539,0.0019017009,0.004106512,0.0020248564,-0.0003916533,-0.00015430737,-0.00024454424,-0.0057294723,-0.0004566914,0.0004120462,0.002018416,-0.010322405,-0.02346829,-0.00029865565,0.00044252712,-0.00038318156,-0.009940336,7.994267e-05,0.00404959,-0.003219215,0.0015441418,-0.0012283552,0.025622856,-0.00036102528,-0.006392751,0.002076611,0.006300191,-0.00042131165,0.012036787,-0.008227617,0.00242773,-0.070969604,-0.004734306,-0.004145749,-0.008083828,-0.009625307,-0.0052586165,-0.00450282
66,-0.0032434207,-0.0014818556,-0.0050116414,0.0030873807,-0.0064083375,0.00650755,0.0034290948,-0.004273608,-0.0013691586,-0.0020582466,-0.006794661,0.0046672546,0.0011963197,-0.0015558715,-0.0057294723,0.00080833887,0.0009164058,0.0073851827,0.0015601225,-0.03781086,0.008212403,0.017048929,-0.00045429266,-0.0015243435,-0.004890562,0.009295399,-0.0020461138,-0.008152803,-0.003955017,0.02884082,-9.6836084e-05,0.030082168,0.002076611,-0.009845114,-0.0021250162,0.0076495023,0.02548301,2.9058978e-05,-0.055223588,-0.0051085614,-0.0006989813,0.0039721695,0.0050314073,-0.0020089473,-0.0006776575
67,-0.0032434207,-0.0028019652,-0.0042608734,0.0031244848,-0.00571513,-0.00892084,-0.011624885,-0.036069866,-0.0017725013,0.0016097433,-0.0054176557,-0.0048244083,-0.00085092767,0.0059122304,-0.0057294723,-0.0004566914,0.0015843611,0.004450812,-0.028314153,-0.0404122,0.010856169,0.0036819098,-1.7954688e-05,-0.005079392,-0.0012848456,-0.021062331,5.6772184e-05,0.0013805662,-0.0060220286,0.016136834,0.0019601388,-0.008752964,0.002076611,-0.00928053,0.004425312,0.0008750112,0.0032810355,0.001533864,0.09322795,0.02825838,-0.006624702,0.018530564,0.011803813,-0.0006098085,-0.0042447606
68,-0.0032434207,-0.0014226488,-0.002951837,-0.018888092,0.0028379105,0.0033142155,-0.0026301008,-0.11929602,0.0014983582,-0.010146008,0.03841924,-0.00070168695,-0.00025046666,-0.0040368983,-0.0057294723,0.00080833887,0.0024102032,0.0111439265,0.0141809,-0.0404122,0.024102429,0.0031735154,5.315644e-05,0.006763612,0.013480388,-0.020633914,-0.0049974844,-0.0010281886,0.00030767338,0.028147183,-0.00036102528,0.001159343,0.002076611,0.012729529,-0.0011360836,0.007144432,0.073325634,0.0055414545,-0.041630916,0.005254325,0.008988695,0.0025253277,0.01230336,0.00464523,-0.0014513703
69,-0.0032434207,-0.0014818556,-0.005784743,0.040485017,-0.0020594995,-0.0037023872,0.0079955775,0.036829483,0.0019017009,0.006874058,-0.0060273525,-0.006179199,0.0018878339,-0.0037310256,-0.0057294723,-0.0004566914,0.00568028,-0.0015369076,0.018919023,-0.029962927,-0.0026564244,-0.0036906663,5.315644e-05,-0.0072142226,-0.005425375,-0.009394558,-0.002130425,0.006405604,0.011227053,0.02450864,-9.6836084e-05,-0.013527688,0.002076611,-0.01167904,0.002333996,0.008794335,0.0080929985,0.0038041028,-0.023123471,-0.0023253039,-0.003969763,-0.00022973053,-0.0012912618,0.006703701,-0.00094256294
70,-0.0032434207,-0.0028019652,-0.0022544088,-0.020704754,0.015180033,0.0005360338,0.0077427835,-0.013333361,-0.0013691586,0.0040417053,0.0022785233,0.0026676154,-0.0051329588,-0.00058750686,-0.0057294723,0.00080833887,-0.0011973004,0.007248116,-0.03303591,-0.02130763,0.00030838978,0.005706135,-0.00038318156,0.0043172766,0.008009069,-0.020805849,-0.009060735,-0.0024305393,-0.013820575,0.029259285,0.0019601388,-0.033521734,0.002076611,-0.0045703687,-0.003841428,0.0015839151,0.061696418,0.0059365616,-0.004207035,-0.018440714,-0.0022151065,-0.006656598,-0.0026569488,-0.0020537858,0.0072940276
71,-0.0032434207,-0.0014226488,0.0026081684,0.0022369493,-0.008113684,0.0031646895,-0.001963318,0.0018747934,-0.0017725013,0.0014740966,-0.0031723578,0.0059646587,-0.006069089,-0.0016988292,-0.0057294723,-0.0004566914,0.00016286632,-0.0054352623,0.012283608,-0.02346829,0.002936825,0.001242849,-0.00045429266,0.009709185,0.003812686,-0.026781544,-0.00517013,-5.5387303e-05,-0.0050623505,0.03345398,-0.00036102528,0.010082775,0.002076611,0.0020668078,0.0018887757,-0.00013480667,-0.022220869,0.0025908994,-0.03922838,0.003542979,0.0026821427,0.006402389,0.0023412155,-0.004978832,-0.008390005
72,-0.0032434207,-0.0014818556,-0.017669939,-0.0073896633,-0.000961126,0.00079332193,-0.0040354324,-0.033099387,0.0014983582,0.01139897,0.03874221,0.003419809,-0.0067769694,0.003220304,-0.0057294723,0.00080833887,0.022839442,-0.013684036,0.017146386,-0.02346829,-0.034557782,-0.0030544,-1.7954688e-05,0.0001657545,0.012838093,0.03401079,-0.0006679697,-0.00041092787,-0.0015865609,0.02965483,-9.6836084e-05,-0.00062011054,0.002076611,-0.008246282,-0.0124706775,0.021576717,0.018553086,0.009152627,0.12000523,0.0046586795,-0.007800386,-0.009375759,-0.019368483,-0.003548069,0.0018142543
73,-0.0032434207,-0.0028019652,0.0020678663,-0.0023380206,0.017362399,-0.0075577046,0.0014997735,0.046562776,0.0019017009,-0.00027134558,-0.015678935,0.0042254142,-0.003079492,-0.0051910556,-0.0057294723,-0.0004566914,0.00987465,0.0038926117,0.0012804826,-0.03781086,-0.021652803,-0.0011168142,5.315644e-05,0.005583094,0.0014268816,0.00042097364,0.00045892523,-0.0039880024,0.013187373,0.020409537,0.0019601388,0.0027317246,0.002076611,-0.004840948,-0.00029962917,-0.0022705588,0.0037807575,-0.006779136,0.018982207,0.0001271868,-0.005820983,-0.0035724074,-0.00441478,-0.003226002,0.00072756695
74,-0.0032434207,-0.0014226488,0.016289948,0.010429338,0.00012329512,0.004614478,0.0063351025,-0.0116305975,-0.0013691586,-0.0007659692,0.0026625213,0.005367376,0.0073852683,-0.005607565,-0.0057294723,0.00080833887,-0.00010830351,0.0012843731,-0.008484428,-0.0404122,-0.012127445,0.006347184,5.315644e-05,-0.017601084,-0.0039619408,-0.018278474,-0.0030632594,0.009423449,-0.00066663855,0.017709212,-0.00036102528,-0.013564474,0.002076611,0.003929348,-0.0028730286,-0.011629736,0.048665345,-0.0017804792,0.013400062,-0.0007309136,-0.0028839696,-0.0074635246,-0.0013515878,-0.0107648885,0.0032700098
75,-0.0032434207,-0.0014818556,-0.0002344051,-0.008424761,0.017368464,-0.0016206291,-0.0082370555,-0.006331952,-0.0017725013,-0.0037513238,-0.004530638,0.005291942,0.0021795367,0.00065253547,-0.0057294723,-0.0004566914,0.0033405393,0.0061372556,-0.013824946,-0.0404122,0.002186795,-0.0040945276,-0.00038318156,-0.000708513,-0.0018330201,0.04461848,-0.006673656,-0.0020959685,-0.0017615772,0.024075815,-9.6836084e-05,0.027534327,0.002076611,0.01006691,0.010986263,0.007836448,0.032049615,0.0035426028,-0.00897156,0.0018827253,0.004553886,0.005809424,-0.004532062,-0.004722846,-0.0020629556
76,-0.0032434207,-0.0028019652,0.0072059575,-0.04006189,-0.008079908,-0.029738804,-0.0039103734,-0.013311887,0.0014983582,-0.0023308983,0.040361293,-0.004412494,0.002701693,-0.0038251132,-0.0057294723,0.00080833887,-7.4462994e-05,0.0018969108,-0.0067891283,-0.029962927,0.008067795,0.00017257356,-0.00045429266,-0.0057583074,-0.006115236,-0.007819395,-0.00028770385,-0.010907702,0.0013121349,0.010655846,0.0019601388,0.01406556,0.002076611,0.0036974796,0.0029906742,0.001281657,0.011765809,0.0032412298,-0.016852565,0.0047910716,-0.007785868,0.009385568,0.002773725,0.0015322986,0.00010115368
77,-0.0032434207,-0.0014226488,0.0113938395,-0.032958545,-0.0030160863,0.0054930886,0.0036667043,-0.0078226095,0.0019017009,-0.006409061,-0.016382422,-0.007823629,-0.0023735361,-0.0035369312,-0.0057294723,-0.0004566914,0.0029742368,0.0036530236,-0.006987962,-0.02130763,0.029110307,0.0022598284,-1.7954688e-05,-0.0027982404,-0.0030715982,-0.028123328,-0.0013750915,-0.0030467114,-0.0110031245,0.025373409,-0.00036102528,0.0171877,0.002076611,-0.00499689,0.0069613117,-0.005732367,0.10789354,-0.0018448288,0.0054619056,0.0087567065,-0.0030373475,-0.0049520275,0.013331924,-0.002948376,0.009712362
78,-0.0032434207,-0.0014818556,0.001740742,-0.002809107,0.030351609,-0.002820439,0.0055690343,-0.025894865,-0.0013691586,-0.006354298,0.006656929,-0.00082941726,-0.004264226,-0.0026432753,-0.0057294723,0.00080833887,0.0032659024,8.071417e-05,-0.015808359,-0.02346829,-0.006144154,9.8793025e-05,5.315644e-05,-0.002460301,0.0047407653,0.018641502,-0.0032033217,-0.0026689293,-0.00067430997,0.030852478,-9.6836084e-05,-0.026280835,0.002076611,0.0002903615,-0.014842359,-0.00054592045,0.010415105,0.0030492905,-0.01016794,0.008426961,0.0013134181,-0.0077001397,-0.006882881,-0.008788766,-0.0020099129
79,-0.0032434207,-0.0028019652,0.00538458,-0.008580551,-0.0067669884,0.0010204786,-0.00737574,-0.012057716,-0.0017725013,-0.0024278795,0.0063884105,0.0029453882,0.0018553068,-0.004735573,-0.0057294723,-0.0004566914,0.00077291316,0.0033871129,-0.022727175,-0.02346829,-0.005432798,0.0013301037,5.315644e-05,0.015815938,-0.007118717,-0.007379152,-0.00838012,-0.002781774,-0.0042568776,0.020608265,0.0019601388,0.002213167,0.002076611,-0.0042422684,0.0011315668,0.012533789,0.055025663,0.002059462,0.011174456,0.002619088,-0.0028704908,-6.9948655e-05,-0.0051463684,0.0056080967,-0.004892683
